{"cameraMode":{"drawMode":0,"name":"Shaded","section":"Shading Mode"},"sceneLighting":true,"audioPlay":false,"sceneViewState":{"showFog":true,"showMaterialUpdate":false,"showSkybox":true,"showFlares":true,"showImageEffects":true,"showParticleSystems":true},"in2DMode":false,"pivot":{"x":1.8775602579116822,"y":2.090824842453003,"z":-0.42497846484184267},"rotation":{"x":-0.2644512355327606,"y":0.587348222732544,"z":-0.21128259599208833,"w":-0.7351554036140442},"size":2.8132472038269045,"orthographic":false}